Year,Lg,Rd,Pk,Tm,Player,Age,Pos,Born,College,From,To,All_Rookie,G,MP,PTS,TRB,AST,STL,BLK,FG%,2P%,3P%,FT%,WS,WS/48
2009,NBA,1,7,GSW,Stephen Curry,21.108,G,us,Davidson College,2010,2017,1,574,34.7,22.8,4.4,6.8,1.8,0.2,0.476,0.507,0.438,0.901,84.2,0.203
2009,NBA,1,1,LAC,Blake Griffin,20.106,F,us,University of Oklahoma,2011,2017,1,471,35.2,21.5,9.4,4.1,1,0.6,0.518,0.526,0.299,0.673,62.4,0.181
2011,NBA,1,15,IND,Kawhi Leonard,19.364,F,us,San Diego State University,2012,2017,1,398,30.5,16.4,6.2,2.3,1.8,0.7,0.495,0.537,0.388,0.847,55.4,0.219
2012,NBA,1,1,NOH,Anthony Davis,19.114,F-C,us,University of Kentucky,2013,2017,1,335,34.4,22.4,10.2,1.8,1.3,2.4,0.513,0.524,0.29,0.787,48.8,0.203
2012,NBA,1,6,POR,Damian Lillard,21.354,G,us,Weber State University,2013,2017,1,396,36.4,22.4,4,6.2,0.9,0.3,0.43,0.472,0.37,0.877,45.5,0.152
2010,NBA,1,1,WAS,John Wall,19.296,G,us,University of Kentucky,2011,2017,1,500,36.1,18.8,4.4,9.2,1.7,0.6,0.433,0.456,0.321,0.791,40.5,0.108
2011,NBA,1,1,CLE,Kyrie Irving,19.096,G,au,Duke University,2012,2017,1,381,34.2,21.6,3.4,5.5,1.3,0.3,0.457,0.486,0.383,0.873,40.4,0.149
2009,NBA,1,26,CHI,Taj Gibson,24.007,F,us,University of Southern California,2010,2017,1,585,25.1,9.4,6.3,1,0.5,1.2,0.495,0.498,0.114,0.694,37.6,0.123
2010,NBA,1,5,SAC,DeMarcus Cousins,19.32,C-F,us,University of Kentucky,2011,2017,1,487,32,21.2,10.8,3,1.4,1.2,0.459,0.47,0.33,0.736,36.9,0.114
2011,NBA,1,11,GSW,Klay Thompson,21.14,G,us,Washington State University,2012,2017,1,464,32.7,19.1,3.3,2.3,0.9,0.5,0.453,0.48,0.419,0.853,36.6,0.116
2009,NBA,1,21,NOH,Darren Collison,21.312,G,us,"University of California, Los Angeles",2010,2017,1,563,29.5,12.7,2.6,4.8,1.1,0.1,0.469,0.494,0.38,0.852,35.5,0.102
2011,NBA,1,22,DEN,Kenneth Faried,21.221,F,us,Morehead State University,2012,2017,1,409,25.8,11.9,8.5,1.1,0.8,0.9,0.545,0.547,0.105,0.653,34.6,0.158
2009,NBA,1,10,MIL,Brandon Jennings,19.28,G,us,,2010,2017,1,541,30.8,14.3,3,5.7,1.2,0.2,0.388,0.412,0.346,0.795,29.8,0.086
2009,NBA,1,4,SAC,Tyreke Evans,19.284,G-F,us,University of Memphis,2010,2017,1,473,32.2,16.1,4.8,5.1,1.3,0.4,0.444,0.472,0.295,0.757,23.9,0.075
2009,NBA,1,5,MIN,Ricky Rubio,18.252,G,es,,2012,2017,1,353,31.8,10.3,4.2,8.5,2.1,0.1,0.375,0.396,0.315,0.83,23.2,0.099
2012,NBA,1,7,GSW,Harrison Barnes,20.034,F,us,Univ. of North Carolina,2013,2017,1,386,29.6,11.9,4.7,1.5,0.7,0.2,0.453,0.482,0.37,0.776,22.3,0.094
2012,NBA,1,3,WAS,Bradley Beal,19.005,G,us,University of Florida,2013,2017,1,324,33.3,17.7,3.6,3.1,1,0.3,0.441,0.464,0.399,0.796,21.9,0.098
2013,NBA,1,22,BRK,Mason Plumlee,23.12,C-F,us,Duke University,2014,2017,1,315,23,9,6.5,2,0.8,0.9,0.559,0.564,0,0.582,21.5,0.143
2015,NBA,1,1,MIN,Karl-Anthony Towns,19.227,F-C,us,University of Kentucky,2016,2017,1,164,34.5,21.7,11.4,2.3,0.7,1.5,0.542,0.571,0.361,0.824,21,0.178
2014,NBA,2,41,DEN,Nikola Jokic,19.132,C-F,rs,,2016,2017,1,153,24.6,13.2,8.3,3.6,0.9,0.7,0.55,0.59,0.327,0.818,16.3,0.207
2013,NBA,1,2,ORL,Victor Oladipo,21.059,G,us,Indiana University,2014,2017,1,291,33.2,15.9,4.4,3.7,1.5,0.5,0.434,0.468,0.346,0.8,13.7,0.068
2011,NBA,1,23,HOU,Nikola Mirotic,20.137,F,me,,2015,2017,1,218,22.8,10.8,5.3,1.2,0.8,0.7,0.409,0.482,0.35,0.798,13.4,0.129
2011,NBA,1,8,DET,Brandon Knight,19.208,G,us,University of Kentucky,2012,2017,1,382,31.3,15.2,3.3,4.3,0.9,0.2,0.415,0.445,0.357,0.812,11.6,0.047
2013,NBA,1,6,NOH,Nerlens Noel,19.083,C-F,us,University of Kentucky,2015,2017,1,193,27.6,10,7.5,1.6,1.6,1.5,0.511,0.512,0.333,0.618,11,0.099
2013,NBA,1,24,NYK,Tim Hardaway,21.108,G,us,University of Michigan,2014,2017,1,281,23.4,11,2.1,1.5,0.5,0.2,0.427,0.499,0.352,0.803,10.6,0.077
2010,NBA,2,39,NYK,Landry Fields,22.002,F,us,Stanford University,2011,2015,1,255,23.6,6.8,4.3,1.6,0.8,0.2,0.473,0.52,0.332,0.666,10.5,0.084
2014,NBA,1,1,CLE,Andrew Wiggins,19.128,F-G,ca,University of Kansas,2015,2017,1,245,36.2,20.4,4.1,2.1,1,0.5,0.45,0.471,0.329,0.76,10.3,0.056
2014,NBA,1,10,PHI,Elfrid Payton,20.129,G,us,University of Louisiana at Lafayette,2015,2017,1,237,29.7,10.8,4.2,6.5,1.3,0.3,0.446,0.468,0.289,0.611,8.9,0.061
2015,NBA,1,4,NYK,Kristaps Porzingis,19.332,F-C,lv,,2016,2017,1,138,30.5,16.1,7.2,1.4,0.7,1.9,0.436,0.474,0.346,0.811,8.8,0.101
2012,NBA,1,4,CLE,Dion Waiters,20.206,G,us,Syracuse University,2013,2017,1,335,28.6,13.2,2.7,2.7,1,0.3,0.413,0.44,0.345,0.698,7.4,0.037
2013,NBA,1,9,MIN,Trey Burke,20.232,G,us,University of Michigan,2014,2017,1,267,24.8,10.6,2.1,3.6,0.6,0.1,0.39,0.423,0.337,0.813,6,0.043
2014,NBA,2,46,WAS,Jordan Clarkson,22.024,G,us,University of Missouri,2015,2017,1,220,29.2,14.2,3.4,2.8,1,0.1,0.441,0.484,0.334,0.809,5.7,0.042
2015,NBA,1,13,PHO,Devin Booker,18.242,G,us,University of Kentucky,2016,2017,1,154,31.4,18,2.8,3,0.8,0.3,0.423,0.453,0.354,0.835,3.9,0.038
2013,NBA,1,11,PHI,Michael Carter-Williams,21.266,G,us,Syracuse University,2014,2017,1,235,30,13,5.2,5.4,1.5,0.6,0.407,0.439,0.252,0.696,3.5,0.024
2015,NBA,1,3,PHI,Jahlil Okafor,19.197,C-F,us,Duke University,2016,2017,1,103,26.5,14.7,6,1.2,0.4,1.1,0.51,0.512,0.167,0.679,2.4,0.043
2009,NBA,1,3,OKC,James Harden,19.308,G,us,Arizona State University,2010,2017,,615,33.6,22.1,5,5.7,1.5,0.4,0.442,0.499,0.364,0.854,91.3,0.212
2011,NBA,1,30,CHI,Jimmy Butler,21.287,G-F,us,Marquette University,2012,2017,,399,32.3,15.6,4.8,3.1,1.5,0.5,0.448,0.479,0.337,0.828,49.3,0.184
2011,NBA,2,60,SAC,Isaiah Thomas,22.141,G,us,University of Washington,2012,2017,,441,30,19.1,2.6,5.2,1,0.1,0.443,0.491,0.367,0.876,45.4,0.165
2010,NBA,1,7,DET,Greg Monroe,20.025,C-F,us,Georgetown University,2011,2017,,538,29.7,14.1,8.7,2.3,1.1,0.6,0.511,0.512,0,0.705,45.2,0.136
2010,NBA,1,10,IND,Paul George,20.058,F,us,"Cal State University, Fresno",2011,2017,,448,32.8,18.1,6.3,3.2,1.6,0.4,0.432,0.47,0.37,0.85,44.5,0.145
2009,NBA,1,9,TOR,DeMar DeRozan,19.327,G,us,University of Southern California,2010,2017,,595,34.1,19.3,4.1,2.8,1,0.3,0.446,0.463,0.281,0.828,44.4,0.105
2010,NBA,1,9,UTA,Gordon Hayward,20.098,F-G,us,Butler University,2011,2017,,516,31.3,15.7,4.2,3.4,1,0.4,0.444,0.477,0.368,0.82,43,0.128
2009,NBA,1,18,MIN,Ty Lawson,21.24,G,us,Univ. of North Carolina,2010,2017,,551,29.2,12.7,2.7,6,1.2,0.1,0.46,0.493,0.359,0.77,42.1,0.126
2009,NBA,1,19,ATL,Jeff Teague,21.02,G,us,Wake Forest University,2010,2017,,600,27,12.6,2.4,5.5,1.2,0.3,0.447,0.476,0.355,0.844,41.2,0.122
2012,NBA,1,9,DET,Andre Drummond,18.327,C,us,University of Connecticut,2013,2017,,385,29.7,13.3,12.8,0.7,1.2,1.5,0.548,0.549,0.263,0.381,36.1,0.151
2011,NBA,1,4,CLE,Tristan Thompson,20.107,F-C,ca,University of Texas at Austin,2012,2017,,466,28.7,9.4,8.6,0.8,0.5,0.8,0.515,0.516,0,0.611,34.9,0.125
2011,NBA,1,5,TOR,Jonas Valanciunas,19.052,C,lt,,2013,2017,,363,26.1,11.5,8.5,0.7,0.4,1.1,0.556,0.556,0.25,0.781,33.6,0.17
2010,NBA,1,3,NJN,Derrick Favors,18.349,F-C,us,Georgia Institute of Technology,2011,2017,,479,25.8,11.4,7.2,1.1,0.8,1.3,0.51,0.512,0.154,0.664,33.5,0.13
2012,NBA,2,35,GSW,Draymond Green,22.122,F,us,Michigan State University,2013,2017,,397,26.8,9,6.8,4.1,1.4,1,0.435,0.494,0.334,0.695,32.9,0.149
2011,NBA,1,9,CHA,Kemba Walker,21.051,G,us,University of Connecticut,2012,2017,,443,33.9,18.4,3.9,5.4,1.4,0.4,0.411,0.441,0.351,0.827,32.6,0.104
2010,NBA,1,13,TOR,Ed Davis,21.024,F,us,Univ. of North Carolina,2011,2017,,481,20.9,6.8,6.4,0.8,0.5,0.9,0.562,0.562,0,0.568,30.5,0.146
2009,NBA,2,46,CLE,Danny Green,22.009,G-F,us,Univ. of North Carolina,2010,2017,,470,25,8.8,3.4,1.6,1,0.8,0.423,0.46,0.4,0.821,30.4,0.124
2013,NBA,1,27,DEN,Rudy Gobert,21.006,C,fr,,2014,2017,,269,27,9.2,9.8,1.1,0.6,2.2,0.612,0.614,0,0.614,30.4,0.201
2011,NBA,1,16,PHI,Nikola Vucevic,20.247,C,ch,University of Southern California,2012,2017,,399,29.9,14.6,9.9,2,0.8,0.9,0.502,0.507,0.297,0.719,28.1,0.113
2011,NBA,2,38,HOU,Chandler Parsons,22.246,F,us,University of Florida,2012,2017,,374,32.1,13.6,4.8,2.9,1,0.4,0.466,0.525,0.373,0.711,28,0.112
2013,NBA,1,15,MIL,Giannis Antetokounmpo,18.208,F-G,gr,,2014,2017,,318,31.8,14.9,6.9,3.6,1.1,1.3,0.497,0.53,0.277,0.74,27,0.128
2009,NBA,1,17,PHI,Jrue Holiday,19.018,G,us,"University of California, Los Angeles",2010,2017,,504,32.3,14.3,3.6,6.2,1.5,0.4,0.441,0.465,0.366,0.788,26.6,0.078
2011,NBA,1,3,UTA,Enes Kanter,19.038,C,ch,,2012,2017,,445,21.3,11.3,6.7,0.6,0.4,0.4,0.53,0.536,0.299,0.768,26.6,0.135
2011,NBA,1,19,CHA,Tobias Harris,18.347,F,us,University of Tennessee,2012,2017,,384,28.8,13.8,5.6,1.6,0.7,0.5,0.469,0.513,0.332,0.809,25.7,0.111
2010,NBA,2,33,SAC,Hassan Whiteside,21.016,C,us,Marshall University,2011,2017,,217,27.1,13.6,11.4,0.4,0.6,2.6,0.585,0.585,,0.611,25.2,0.205
2010,NBA,1,14,HOU,Patrick Patterson,21.107,F,us,University of Kentucky,2011,2017,,477,24,7.9,4.7,1.2,0.6,0.5,0.459,0.506,0.368,0.744,25,0.105
2010,NBA,1,18,OKC,Eric Bledsoe,20.202,G,us,University of Kentucky,2011,2017,,418,27.1,13.1,3.8,4.6,1.4,0.5,0.444,0.481,0.334,0.8,23.3,0.099
2010,NBA,1,23,MIN,Trevor Booker,22.217,F,us,Clemson University,2011,2017,,464,20.9,7,5.6,1,0.7,0.6,0.515,0.533,0.315,0.626,23.3,0.115
2009,NBA,1,27,MEM,DeMarre Carroll,22.339,F,us,University of Missouri,2010,2017,,414,23,8.1,3.8,1.1,1,0.3,0.443,0.496,0.361,0.728,22,0.111
2009,NBA,2,41,MIL,Jodie Meeks,21.314,G,us,University of Kentucky,2010,2017,,454,24,9.8,2.2,1.1,0.8,0.1,0.42,0.469,0.376,0.881,21.9,0.097
2012,NBA,2,34,CLE,Jae Crowder,21.363,F,us,Marquette University,2013,2017,,383,23.2,8.9,3.8,1.4,1,0.3,0.435,0.516,0.346,0.785,21.7,0.117
2011,NBA,1,24,OKC,Reggie Jackson,21.073,G,it,Boston College,2012,2017,,403,24.5,12.2,3,4.3,0.7,0.1,0.431,0.471,0.321,0.86,21.3,0.103
2009,NBA,2,33,POR,Dante Cunningham,22.07,F,us,Villanova University,2010,2017,,578,21.4,6.1,3.8,0.7,0.7,0.5,0.471,0.491,0.326,0.65,20.6,0.08
2009,NBA,1,13,IND,Tyler Hansbrough,23.24,F,us,Univ. of North Carolina,2010,2016,,428,16.9,6.7,4.2,0.4,0.5,0.2,0.439,0.442,0.136,0.738,20.2,0.134
2009,NBA,2,43,MIA,Marcus Thornton,22.026,G,us,Louisiana State University,2010,2017,,483,23.4,11.9,2.8,1.4,0.8,0.1,0.425,0.471,0.358,0.83,20,0.085
2009,NBA,2,55,POR,Patrick Mills,20.323,G,au,Saint Mary's College of California,2010,2017,,441,17,7.9,1.5,2.2,0.6,0.1,0.436,0.479,0.395,0.833,19.9,0.128
2013,NBA,1,12,OKC,Steven Adams,19.347,C,nz,University of Pittsburgh,2014,2017,,311,23.7,7.5,6.4,0.8,0.7,1,0.567,0.569,0,0.571,19.9,0.13
2009,NBA,2,42,LAL,Patrick Beverley,20.353,G,us,University of Arkansas,2013,2017,,291,28.5,9.3,4.1,3.4,1.3,0.4,0.414,0.46,0.375,0.764,19.6,0.113
2009,NBA,2,39,DET,Jonas Jerebko,22.121,F,se,,2010,2017,,488,18.4,6.2,4.1,0.8,0.6,0.3,0.456,0.501,0.352,0.763,19.1,0.102
2009,NBA,2,37,SAS,DeJuan Blair,20.069,F-C,us,University of Pittsburgh,2010,2016,,424,16.6,6.8,5.1,0.8,0.7,0.3,0.524,0.526,0,0.608,19,0.129
2011,NBA,1,14,HOU,Marcus Morris,21.299,F,us,University of Kansas,2012,2017,,416,26.2,10.8,4.2,1.6,0.7,0.3,0.428,0.471,0.355,0.717,19,0.084
2011,NBA,1,13,PHO,Markieff Morris,21.299,F,us,University of Kansas,2012,2017,,448,26.3,11.9,5.6,1.7,1,0.6,0.447,0.474,0.331,0.774,18.8,0.077
2013,NBA,1,21,UTA,Gorgui Dieng,23.166,C,sn,University of Louisville,2014,2017,,297,26.5,8.9,7.2,1.6,1,1.2,0.511,0.518,0.343,0.786,18.7,0.114
2013,NBA,1,4,CHA,Cody Zeller,20.27,F-C,us,Indiana University,2014,2017,,279,22.9,8,5.6,1.3,0.7,0.8,0.5,0.502,0.154,0.734,18.4,0.138
2009,NBA,1,12,CHA,Gerald Henderson,21.204,G,us,Duke University,2010,2017,,535,25.9,11.2,3.2,1.9,0.7,0.3,0.44,0.46,0.327,0.793,18.3,0.063
2011,NBA,1,7,SAC,Bismack Biyombo,18.303,C-F,cd,,2012,2017,,447,21.4,4.9,6.6,0.4,0.3,1.5,0.511,0.512,0,0.553,18,0.09
2012,NBA,2,39,DET,Khris Middleton,20.326,F-G,us,Texas A&amp;M University,2013,2017,,296,30.6,13.8,3.8,2.7,1.3,0.2,0.45,0.471,0.404,0.874,18,0.095
2013,NBA,1,3,WAS,Otto Porter,20.029,F,us,Georgetown University,2014,2017,,266,24.9,9.3,4.4,1.2,1,0.4,0.481,0.533,0.389,0.774,17.7,0.128
2010,NBA,1,8,LAC,Al-Farouq Aminu,19.281,F,us,Wake Forest University,2011,2017,,520,24.1,7.2,5.7,1.2,1,0.6,0.426,0.467,0.323,0.725,17.4,0.067
2009,NBA,1,16,CHI,James Johnson,22.131,F,us,Wake Forest University,2010,2017,,474,19.7,7.5,3.4,1.8,0.8,1,0.477,0.524,0.297,0.693,17,0.087
2009,NBA,1,8,NYK,Jordan Hill,21.339,C-F,us,University of Arizona,2010,2017,,409,18.8,7.9,5.8,0.8,0.4,0.7,0.497,0.499,0.136,0.699,16.4,0.102
2009,NBA,1,23,SAC,Omri Casspi,21.008,F,il,,2010,2017,,499,21.4,8.2,4.1,1.2,0.6,0.2,0.443,0.488,0.367,0.675,16.1,0.072
2010,NBA,1,2,PHI,Evan Turner,21.245,G,us,Ohio State University,2011,2017,,534,28.2,10.5,5,3.7,0.8,0.2,0.431,0.453,0.298,0.782,15.9,0.051
2013,NBA,1,10,POR,C.J. McCollum,21.287,G,us,Lehigh University,2014,2017,,260,27,15.9,2.7,2.8,0.9,0.3,0.459,0.481,0.413,0.844,15.7,0.107
2012,NBA,1,2,CHA,Michael Kidd-Gilchrist,18.28,F,us,University of Kentucky,2013,2017,,283,27.1,9.1,6.4,1.3,0.7,0.8,0.47,0.474,0.206,0.712,15.5,0.097
2012,NBA,1,21,BOS,Jared Sullinger,20.121,F,us,Ohio State University,2013,2017,,269,24.3,10.8,7.5,1.8,0.7,0.6,0.436,0.476,0.272,0.723,15.3,0.113
2011,NBA,1,29,SAS,Cory Joseph,19.312,G,ca,University of Texas at Austin,2012,2017,,364,19.5,6.8,2.3,2.5,0.6,0.2,0.458,0.487,0.317,0.768,15.2,0.103
2012,NBA,1,18,HOU,Terrence Jones,20.176,F,us,University of Kentucky,2013,2017,,232,24,10.5,5.7,1,0.6,1.2,0.501,0.539,0.299,0.622,14.8,0.128
2012,NBA,1,8,TOR,Terrence Ross,21.149,F-G,us,University of Washington,2013,2017,,387,23.8,9.6,2.6,0.9,0.8,0.3,0.423,0.475,0.374,0.803,14.6,0.076
2013,NBA,1,13,DAL,Kelly Olynyk,22.075,C-F,ca,Gonzaga University,2014,2017,,278,20.7,9.5,4.7,1.7,0.7,0.5,0.477,0.53,0.368,0.743,14.6,0.122
2013,NBA,1,8,DET,Kentavious Caldwell-Pope,20.134,G,us,University of Georgia,2014,2017,,314,30.2,11.7,3,1.6,1.2,0.2,0.405,0.459,0.334,0.785,14.5,0.074
2010,NBA,1,19,BOS,Avery Bradley,19.215,G,us,University of Texas at Austin,2011,2017,,413,28.1,12.1,3.1,1.7,1.1,0.2,0.442,0.477,0.366,0.772,14.4,0.059
2011,NBA,1,2,MIN,Derrick Williams,20.034,F,us,University of Arizona,2012,2017,,426,20.8,8.9,4,0.7,0.5,0.3,0.434,0.484,0.3,0.71,14.1,0.076
2009,NBA,2,44,DET,Chase Budinger,21.039,F,us,University of Arizona,2010,2016,,407,19.7,7.9,3,1.2,0.5,0.2,0.43,0.486,0.352,0.797,13.9,0.083
2010,NBA,2,40,IND,Lance Stephenson,19.297,G-F,us,University of Cincinnati,2011,2017,,358,24.8,8.7,4.1,3,0.7,0.1,0.451,0.496,0.307,0.69,13.8,0.074
2011,NBA,2,50,PHI,Lavoy Allen,22.144,F-C,us,Temple University,2012,2017,,388,17.8,4.8,4.8,1,0.3,0.6,0.471,0.474,0.133,0.682,13.8,0.096
2012,NBA,1,14,MIL,John Henson,21.188,C-F,us,Univ. of North Carolina,2013,2017,,315,19,7.7,5.1,1,0.4,1.5,0.533,0.535,0,0.572,13.8,0.11
2012,NBA,1,17,DAL,Tyler Zeller,22.168,F-C,us,Univ. of North Carolina,2013,2017,,340,17.8,7,4.4,0.9,0.3,0.6,0.499,0.501,0,0.769,13.8,0.11
2012,NBA,1,20,DEN,Evan Fournier,19.247,G-F,fr,,2013,2017,,319,26.3,12.3,2.6,2.2,0.8,0.1,0.445,0.49,0.379,0.791,12.9,0.074
2012,NBA,1,15,PHI,Maurice Harkless,19.053,F-G,us,St. John's University,2013,2017,,356,23.3,7.4,3.7,0.9,1,0.6,0.471,0.537,0.315,0.596,12.7,0.073
2010,NBA,1,28,MEM,Greivis Vasquez,23.165,G,ve,University of Maryland,2011,2017,,401,23.7,9,2.5,4.8,0.6,0.1,0.418,0.456,0.349,0.817,12.6,0.064
2011,NBA,2,40,MIL,Jon Leuer,22.045,F,us,University of Wisconsin,2012,2017,,328,16.5,6.7,4,0.9,0.4,0.3,0.479,0.514,0.338,0.765,12.2,0.108
2009,NBA,1,29,LAL,Toney Douglas,23.107,G,us,Florida State University,2010,2017,,394,19.1,7.6,2.2,2.3,0.9,0.1,0.404,0.448,0.354,0.824,12.1,0.077
2011,NBA,1,17,NYK,Iman Shumpert,21.002,G,us,Georgia Institute of Technology,2012,2017,,370,25.6,7.4,3.4,1.9,1.2,0.2,0.396,0.44,0.34,0.764,11.6,0.059
2015,NBA,1,11,IND,Myles Turner,19.097,F-C,us,University of Texas at Austin,2016,2017,,141,27.7,12.7,6.5,1,0.7,1.8,0.506,0.524,0.331,0.785,11.1,0.136
2012,NBA,2,49,ORL,Kyle O'Quinn,22.1,F-C,us,Norfolk State University,2013,2017,,321,14.5,5.5,4.6,1.2,0.4,1,0.502,0.519,0.221,0.735,11,0.114
2009,NBA,1,28,MIN,Wayne Ellington,21.245,G,us,Univ. of North Carolina,2010,2017,,515,20.2,7.5,2.1,1.1,0.5,0.1,0.412,0.441,0.377,0.85,10.7,0.05
2014,NBA,1,23,UTA,Rodney Hood,21.254,G-F,us,Duke University,2015,2017,,188,27.6,12.4,3.1,2.1,0.8,0.2,0.415,0.458,0.364,0.818,10.7,0.099
2013,NBA,1,26,MIN,Andre Roberson,21.211,G-F,us,University of Colorado,2014,2017,,256,21.9,4.5,3.9,0.8,0.9,0.6,0.474,0.605,0.26,0.493,10.6,0.09
2012,NBA,1,12,HOU,Jeremy Lamb,20.034,G-F,us,University of Connecticut,2013,2017,,276,17,8,3,1.1,0.5,0.3,0.439,0.507,0.324,0.823,10.5,0.108
2014,NBA,1,25,HOU,Clint Capela,20.044,F-C,ch,,2015,2017,,154,20.2,9,6.9,0.7,0.6,1.2,0.614,0.614,0,0.433,10.4,0.161
2010,NBA,1,15,MIL,Larry Sanders,21.22,C-F,us,Virginia Commonwealth University,2011,2017,,238,19.5,6.4,5.7,0.7,0.6,1.8,0.48,0.481,0,0.553,10.3,0.107
2011,NBA,2,33,DET,Kyle Singler,23.055,F,us,Duke University,2013,2017,,344,22.5,6.7,3,0.8,0.6,0.3,0.419,0.46,0.362,0.793,10.1,0.062
2014,NBA,1,4,ORL,Aaron Gordon,18.288,F,us,University of Arizona,2015,2017,,205,24.2,9.7,5.3,1.5,0.7,0.6,0.46,0.526,0.289,0.699,10.1,0.097
2013,NBA,2,31,CLE,Allen Crabbe,21.084,G-F,us,University of California,2014,2017,,226,22.8,8.3,2.3,1,0.6,0.2,0.456,0.493,0.411,0.848,9.8,0.091
2010,NBA,1,11,NOH,Cole Aldrich,21.241,C,us,University of Kansas,2011,2017,,318,10.5,3.3,3.5,0.6,0.4,0.7,0.531,0.531,,0.748,9.6,0.137
2011,NBA,1,12,UTA,Alec Burks,19.343,G,us,University of Colorado,2012,2017,,301,22,10.1,2.9,1.8,0.6,0.2,0.428,0.446,0.36,0.752,9.6,0.07
2012,NBA,1,11,POR,Meyers Leonard,20.127,C-F,us,University of Ill. at Urbana-Champaign,2013,2017,,299,16.6,5.7,3.9,0.8,0.2,0.3,0.461,0.521,0.371,0.825,9.4,0.091
2012,NBA,2,43,ATL,Mike Scott,23.353,F,us,University of Virginia,2013,2017,,281,15.4,7.1,3,0.9,0.3,0.1,0.46,0.527,0.336,0.786,9.3,0.103
2012,NBA,1,26,IND,Miles Plumlee,23.306,C-F,us,Duke University,2013,2017,,273,16.7,5.1,4.7,0.4,0.5,0.8,0.53,0.53,,0.564,9.2,0.097
2010,NBA,1,26,OKC,Quincy Pondexter,22.111,G-F,us,University of Washington,2011,2015,,279,18.1,5.3,2,0.8,0.4,0.2,0.424,0.472,0.365,0.732,9.1,0.087
2010,NBA,1,4,MIN,Wesley Johnson,22.354,F-G,us,Syracuse University,2011,2017,,497,23,7.5,3.3,1.1,0.8,0.7,0.406,0.461,0.337,0.743,9,0.038
2012,NBA,2,40,POR,Will Barton,21.179,G,us,University of Memphis,2013,2017,,314,20.1,9.1,3.6,1.9,0.7,0.3,0.427,0.471,0.324,0.784,9,0.068
2014,NBA,1,2,MIL,Jabari Parker,19.108,F,us,Duke University,2015,2017,,152,32.1,15.8,5.6,2.1,1,0.4,0.491,0.511,0.341,0.748,9,0.089
2014,NBA,1,6,BOS,Marcus Smart,20.117,G,us,Oklahoma State University,2015,2017,,207,28.4,9.3,3.8,3.7,1.5,0.3,0.358,0.419,0.291,0.762,9,0.073
2013,NBA,1,23,IND,Solomon Hill,22.107,F,us,University of Arizona,2014,2017,,249,23.5,6.4,3.3,1.6,0.7,0.3,0.4,0.448,0.336,0.822,8.7,0.072
2014,NBA,2,45,CHH,Dwight Powell,22.347,F-C,ca,Stanford University,2015,2017,,175,14.6,5.7,3.6,0.6,0.6,0.4,0.501,0.54,0.257,0.75,8.3,0.156
2010,NBA,2,55,UTA,Jeremy Evans,22.249,F,us,Western Kentucky University,2011,2016,,249,10.5,3.5,2.6,0.4,0.4,0.5,0.568,0.582,0.231,0.687,8.2,0.15
2013,NBA,1,5,PHO,Alex Len,20.016,C,ua,University of Maryland,2014,2017,,266,19.8,6.9,6.2,0.7,0.4,1.1,0.465,0.469,0.227,0.716,7.9,0.072
2013,NBA,1,20,CHI,Tony Snell,21.235,G-F,us,University of New Mexico,2014,2017,,293,21.4,6.2,2.5,1,0.4,0.2,0.416,0.47,0.373,0.813,7.9,0.06
2014,NBA,1,19,CHI,Gary Harris,19.29,G,us,Michigan State University,2015,2017,,188,26.3,10.5,2.5,1.8,1.1,0.2,0.46,0.532,0.356,0.79,7.9,0.077
2012,NBA,2,37,TOR,Quincy Acy,21.271,F,us,Baylor University,2013,2017,,257,15.2,4.7,3.5,0.6,0.4,0.4,0.482,0.517,0.366,0.75,7.8,0.095
2013,NBA,1,14,UTA,Shabazz Muhammad,20.231,F-G,us,"University of California, Los Angeles",2014,2017,,235,18.5,9.7,3,0.6,0.3,0.1,0.476,0.514,0.322,0.749,7.7,0.085
2013,NBA,1,17,ATL,Dennis Schroder,19.29,G,de,,2014,2017,,285,22,11.4,2.4,4.4,0.7,0.1,0.433,0.468,0.331,0.818,7.6,0.058
2011,NBA,2,34,WAS,Shelvin Mack,21.067,G,us,Butler University,2012,2017,,330,17.5,6.3,1.9,2.9,0.6,0,0.426,0.478,0.321,0.748,7.5,0.062
2011,NBA,2,55,BOS,E'Twaun Moore,22.12,G,us,Purdue University,2012,2017,,380,18.7,6.6,1.8,1.7,0.6,0.3,0.435,0.467,0.369,0.749,7.5,0.051
2014,NBA,1,14,PHO,T.J. Warren,20.299,F,us,North Carolina State University,2015,2017,,153,24.4,11.2,3.7,0.9,0.9,0.4,0.502,0.53,0.311,0.751,7.4,0.095
2011,NBA,1,20,MIN,Donatas Motiejunas,20.281,F-C,lt,,2013,2017,,248,18.4,7.4,3.8,1.1,0.5,0.3,0.469,0.529,0.3,0.6,7.2,0.076
2013,NBA,2,44,DAL,Mike Muscala,22.002,F-C,us,Bucknell University,2014,2017,,190,13.3,4.8,2.8,0.8,0.3,0.5,0.505,0.544,0.385,0.817,7,0.133
2013,NBA,2,39,POR,Jeff Withey,23.118,C,us,University of Kansas,2014,2017,,197,10.3,3.3,2.6,0.3,0.3,0.8,0.531,0.535,0,0.717,6.8,0.161
2015,NBA,1,6,SAC,Willie Cauley-Stein,21.316,F-C,us,University of Kentucky,2016,2017,,141,20.1,7.6,4.9,0.8,0.7,0.8,0.544,0.547,0,0.659,6.8,0.115
2014,NBA,1,30,SAS,Kyle Anderson,20.284,F-G,us,"University of California, Los Angeles",2015,2017,,183,14.3,3.7,2.9,1.3,0.7,0.3,0.442,0.459,0.341,0.753,6.5,0.119
2009,NBA,2,31,SAC,Jeff Pendergraph,22.063,F,us,Arizona State University,2010,2016,,237,9.8,2.9,2.7,0.4,0.2,0.3,0.553,0.554,0.4,0.776,6.3,0.131
2010,NBA,1,16,MIN,Luke Babbitt,21.009,F,us,"University of Nevada, Reno",2011,2017,,331,13.9,4.7,2.3,0.6,0.2,0.2,0.406,0.405,0.406,0.743,6.3,0.065
2011,NBA,2,31,MIA,Bojan Bogdanovic,22.071,G-F,ba,,2015,2017,,238,25.4,11.3,3.1,1.2,0.4,0.1,0.443,0.504,0.369,0.861,6.3,0.05
2010,NBA,1,27,NJN,Jordan Crawford,21.249,G,us,Xavier University,2011,2017,,276,24.6,12.3,2.5,3.2,0.7,0.1,0.411,0.459,0.314,0.825,6.2,0.043
2013,NBA,2,50,ATL,James Ennis,23.002,F,us,"Cal State University, Long Beach",2015,2017,,148,19.5,6.1,3.2,0.9,0.6,0.3,0.442,0.494,0.372,0.798,6,0.1
2010,NBA,1,17,CHI,Kevin Seraphin,20.204,F,gf,,2011,2017,,423,15.2,5.9,3.5,0.6,0.2,0.7,0.489,0.491,0,0.715,5.9,0.044
2012,NBA,1,30,GSW,Festus Ezeli,22.256,C,ng,Vanderbilt University,2013,2016,,170,14.1,4.2,4.3,0.4,0.3,1,0.513,0.513,,0.557,5.9,0.119
2010,NBA,1,6,GSW,Ekpe Udoh,23.041,C-F,us,Baylor University,2011,2015,,270,16.9,4,3.2,0.7,0.5,1.2,0.429,0.431,0,0.72,5.7,0.06
2015,NBA,1,27,LAL,Larry Nance Jr.,22.18,F,us,University of Wyoming,2016,2017,,126,21.5,6.3,5.4,1.1,1.1,0.5,0.526,0.548,0.239,0.717,5.7,0.102
2014,NBA,2,39,PHI,Jerami Grant,20.111,F,us,Syracuse University,2015,2017,,222,22.4,7.2,3.4,1.2,0.6,1.2,0.412,0.465,0.304,0.628,5.6,0.054
2015,NBA,1,9,CHO,Frank Kaminsky,22.087,F-C,us,University of Wisconsin,2016,2017,,156,23.5,9.5,4.3,1.7,0.5,0.5,0.403,0.455,0.331,0.743,5.6,0.074
2012,NBA,1,10,NOH,Austin Rivers,19.336,G,us,Duke University,2013,2017,,347,22.6,8.4,2,2.1,0.6,0.1,0.418,0.45,0.345,0.651,5.5,0.034
2014,NBA,1,11,DEN,Doug McDermott,22.18,F,us,Creighton University,2015,2017,,183,20.2,8,2.3,0.7,0.2,0.1,0.446,0.48,0.394,0.836,5.4,0.07
2009,NBA,2,36,MEM,Sam Young,24.03,F,us,University of Pittsburgh,2010,2013,,249,15.9,5.8,2.3,0.7,0.5,0.2,0.442,0.468,0.28,0.742,5.2,0.063
2015,NBA,2,37,PHI,Richaun Holmes,21.258,F-C,us,Bowling Green State University,2016,2017,,108,17.5,7.8,4.1,0.8,0.6,0.9,0.543,0.602,0.289,0.695,5.2,0.133
2014,NBA,1,7,LAL,Julius Randle,19.214,F,us,University of Kentucky,2015,2017,,156,28.4,12.2,9.4,2.6,0.7,0.4,0.457,0.469,0.273,0.717,5.1,0.055
2015,NBA,2,32,HOU,Montrezl Harrell,21.155,F-C,us,University of Louisville,2016,2017,,97,14.9,6.9,2.9,0.8,0.3,0.5,0.651,0.66,0.125,0.599,5,0.166
2014,NBA,1,13,MIN,Zach LaVine,19.113,G,us,"University of California, Los Angeles",2015,2017,,206,28.9,13.7,2.9,3.2,0.8,0.2,0.445,0.48,0.378,0.821,4.9,0.039
2009,NBA,1,2,MEM,Hasheem Thabeet,22.135,C,tz,University of Connecticut,2010,2014,,224,10.5,2.2,2.7,0.1,0.3,0.8,0.567,0.567,,0.578,4.8,0.099
2009,NBA,1,25,OKC,Rodrigue Beaubois,21.127,G,gp,,2010,2013,,182,15.9,7.1,1.9,2.1,0.7,0.3,0.439,0.5,0.325,0.81,4.8,0.079
2009,NBA,2,52,IND,A.J. Price,22.267,G,us,University of Connecticut,2010,2015,,261,15.1,5.8,1.4,2.2,0.5,0,0.38,0.439,0.316,0.742,4.7,0.058
2015,NBA,2,40,MIA,Josh Richardson,21.288,G,us,University of Tennessee,2016,2017,,105,25.9,8.4,2.6,2,0.9,0.6,0.414,0.445,0.374,0.729,4.7,0.083
2012,NBA,1,5,SAC,Thomas Robinson,21.109,F,us,University of Kansas,2013,2017,,313,13.4,4.9,4.8,0.6,0.5,0.4,0.47,0.472,0,0.505,4.6,0.053
2009,NBA,1,15,DET,Austin Daye,21.025,F,us,Gonzaga University,2010,2015,,293,14.1,5.2,2.6,0.7,0.4,0.4,0.402,0.433,0.351,0.778,4.5,0.053
2009,NBA,2,40,CHA,Derrick Brown,21.296,F,us,Xavier University,2010,2012,,171,14.9,5.2,2.4,0.7,0.5,0.2,0.515,0.528,0.317,0.637,4.5,0.085
2013,NBA,1,16,BOS,Lucas Nogueira,20.341,C,br,,2015,2017,,92,14.5,3.5,3.3,0.5,0.7,1.1,0.639,0.668,0.267,0.628,4.4,0.158
2015,NBA,2,46,MIL,Norman Powell,22.036,G,us,"University of California, Los Angeles",2016,2017,,125,16.7,7.3,2.2,1,0.6,0.2,0.441,0.49,0.351,0.797,4.3,0.1
2016,NBA,2,36,MIL,Malcolm Brogdon,23.2,G,us,University of Virginia,2017,2017,,75,26.4,10.2,2.8,4.2,1.1,0.2,0.457,0.48,0.404,0.865,4.1,0.1
2011,NBA,1,6,WAS,Jan Vesely,21.065,F,cz,,2012,2014,,162,15.2,3.6,3.5,0.6,0.7,0.5,0.521,0.523,0,0.408,4,0.078
2013,NBA,1,7,SAC,Ben McLemore,20.141,G,us,University of Kansas,2014,2017,,293,25.5,9.4,2.6,1.2,0.7,0.2,0.417,0.467,0.352,0.78,3.9,0.025
2013,NBA,2,55,MEM,Joffrey Lauvergne,21.276,C-F,fr,,2015,2017,,153,15,6.1,4,0.9,0.3,0.2,0.471,0.517,0.293,0.741,3.9,0.081
2014,NBA,1,16,CHI,Jusuf Nurkic,19.312,C,ba,,2015,2017,,159,19.1,8.5,6.4,1.3,0.8,1.2,0.469,0.471,0,0.601,3.9,0.061
2015,NBA,1,22,CHI,Bobby Portis,20.14,F,us,University of Arkansas,2016,2017,,126,16.7,6.9,5,0.7,0.3,0.3,0.455,0.484,0.324,0.696,3.9,0.088
2012,NBA,1,19,ORL,Andrew Nicholson,22.208,F,ca,St. Bonaventure University,2013,2017,,285,14.3,6,3,0.4,0.3,0.3,0.467,0.498,0.321,0.773,3.8,0.045
2015,NBA,1,23,POR,Rondae Hollis-Jefferson,20.178,F,us,University of Arizona,2016,2017,,107,22.2,7.9,5.7,1.8,1.1,0.6,0.438,0.466,0.235,0.744,3.8,0.076
2009,NBA,2,38,POR,Jon Brockman,22.103,F,us,University of Washington,2010,2012,,150,10.5,2.1,3.1,0.3,0.2,0.1,0.488,0.49,0,0.618,3.7,0.113
2012,NBA,2,45,PHI,Justin Hamilton,22.094,C,us,Louisiana State University,2014,2017,,113,17.4,6.1,3.6,0.8,0.5,0.6,0.464,0.562,0.308,0.798,3.7,0.091
2013,NBA,2,34,HOU,Isaiah Canaan,22.043,G,us,Murray State University,2014,2017,,185,20.3,8.4,1.8,1.6,0.6,0.1,0.368,0.396,0.352,0.828,3.6,0.046
2010,NBA,2,35,WAS,Nemanja Bjelica,22.051,F,rs,,2016,2017,,125,18.1,5.7,3.6,1.3,0.5,0.3,0.442,0.543,0.344,0.733,3.4,0.072
2014,NBA,1,9,CHH,Noah Vonleh,18.311,F,us,Indiana University,2015,2017,,177,15.2,3.9,4.4,0.4,0.3,0.4,0.444,0.466,0.291,0.678,3.4,0.061
2014,NBA,2,40,MIN,Glenn Robinson III,20.174,G-F,us,University of Michigan,2015,2017,,149,14.7,4.4,2.4,0.6,0.4,0.2,0.447,0.481,0.376,0.698,3.4,0.074
2015,NBA,2,35,PHI,Willy Hernangomez,21.034,C,es,,2017,2017,,72,18.4,8.2,7,1.3,0.6,0.5,0.53,0.539,0.267,0.728,3.4,0.124
2009,NBA,1,20,UTA,Eric Maynor,22.02,G,us,Virginia Commonwealth University,2010,2014,,267,14.6,4.3,1.3,2.8,0.4,0.1,0.392,0.409,0.35,0.721,3.3,0.041
2010,NBA,1,20,SAS,James Anderson,21.096,G-F,us,Oklahoma State University,2011,2016,,247,17.5,5.8,2.3,1.2,0.5,0.2,0.411,0.495,0.321,0.755,3.3,0.037
2015,NBA,1,19,WAS,Jerian Grant,22.264,G,us,University of Notre Dame,2016,2017,,139,16.5,5.7,1.8,2.1,0.7,0.1,0.408,0.461,0.303,0.821,3.3,0.07
2015,NBA,1,18,HOU,Sam Dekker,21.055,F,us,University of Wisconsin,2016,2017,,80,17.8,6.3,3.6,1,0.5,0.3,0.473,0.591,0.321,0.559,3.1,0.105
2011,NBA,1,26,DAL,Jordan Hamilton,20.265,G-F,us,University of Texas at Austin,2012,2016,,151,13.9,5.9,2.8,0.8,0.5,0.2,0.408,0.451,0.357,0.67,3,0.069
2011,NBA,1,28,CHI,Norris Cole,22.258,G,us,Cleveland State University,2012,2017,,360,22.3,7,2,2.7,0.8,0.1,0.407,0.436,0.324,0.743,3,0.018
2013,NBA,1,18,ATL,Shane Larkin,20.273,G,us,University of Miami,2014,2016,,202,20.3,5.8,2,3.2,1.1,0.1,0.43,0.464,0.328,0.762,3,0.035
2013,NBA,2,48,LAL,Ryan Kelly,22.085,F,us,Duke University,2014,2017,,163,19.2,6,3.1,1.3,0.5,0.5,0.378,0.416,0.316,0.797,3,0.046
2014,NBA,2,38,DET,Spencer Dinwiddie,21.086,G,us,University of Colorado,2015,2017,,105,18.6,6,2.2,3,0.6,0.3,0.389,0.438,0.29,0.779,3,0.074
2015,NBA,1,12,UTA,Trey Lyles,19.237,F,ca,University of Kentucky,2016,2017,,151,16.8,6.1,3.5,0.9,0.3,0.3,0.4,0.435,0.343,0.708,3,0.057
2015,NBA,1,21,DAL,Justin Anderson,21.223,G,us,University of Virginia,2016,2017,,130,14.4,5.7,2.9,0.7,0.5,0.4,0.419,0.527,0.289,0.793,3,0.078
2009,NBA,1,14,PHO,Earl Clark,21.165,F,us,University of Louisville,2010,2015,,261,13.9,4.4,3,0.5,0.3,0.5,0.403,0.424,0.328,0.664,2.9,0.038
2012,NBA,1,23,ATL,John Jenkins,21.12,G,us,Vanderbilt University,2013,2017,,145,12.8,5.1,1.5,0.8,0.2,0.1,0.448,0.513,0.364,0.849,2.7,0.071
2009,NBA,2,45,MIN,Nick Calathes,20.143,G,us,University of Florida,2014,2015,,129,15.6,4.6,1.9,2.7,1,0.1,0.441,0.476,0.288,0.581,2.6,0.063
2011,NBA,1,25,BOS,MarShon Brooks,22.153,G-F,us,Providence College,2012,2014,,164,17.5,7.7,2.2,1.4,0.6,0.2,0.442,0.472,0.326,0.748,2.5,0.041
2013,NBA,1,25,LAC,Reggie Bullock,22.109,G-F,us,Univ. of North Carolina,2014,2017,,147,11.1,3,1.6,0.5,0.3,0.1,0.393,0.448,0.355,0.8,2.5,0.073
2013,NBA,2,47,ATL,Raul Neto,21.044,G,br,,2016,2017,,121,15.2,4.8,1.2,1.7,0.7,0.1,0.434,0.465,0.383,0.759,2.5,0.066
2015,NBA,1,15,ATL,Kelly Oubre,19.203,F,us,University of Kansas,2016,2017,,142,16,5.2,2.8,0.4,0.6,0.2,0.423,0.51,0.296,0.716,2.5,0.053
2009,NBA,2,53,SAS,Nando De Colo,22.008,G,fr,,2013,2014,,119,11.9,3.8,1.8,1.7,0.5,0.1,0.429,0.463,0.363,0.835,2.4,0.081
2011,NBA,1,10,MIL,Jimmer Fredette,22.123,G,us,Brigham Young University,2012,2016,,235,13.4,6,1,1.4,0.4,0,0.412,0.432,0.381,0.876,2.4,0.037
2012,NBA,2,60,LAL,Robert Sacre,23.028,C,us,Gonzaga University,2013,2016,,189,14.5,4.2,3.1,0.7,0.3,0.6,0.436,0.437,0,0.671,2.4,0.042
2014,NBA,1,8,SAC,Nik Stauskas,20.267,G,ca,University of Michigan,2015,2017,,226,22.7,7.5,2.2,1.7,0.5,0.3,0.386,0.441,0.343,0.807,2.4,0.022
2015,NBA,1,10,MIA,Justise Winslow,19.095,F,us,Duke University,2016,2017,,96,29.8,7.3,5.2,1.9,1,0.3,0.4,0.44,0.258,0.665,2.4,0.041
2011,NBA,1,18,WAS,Chris Singleton,21.219,F,us,Florida State University,2012,2014,,148,17.6,4.1,3.2,0.6,0.8,0.4,0.376,0.4,0.319,0.633,2.3,0.042
2011,NBA,2,42,IND,Davis Bertans,18.227,F,lv,,2017,2017,,67,12.1,4.5,1.5,0.7,0.3,0.4,0.44,0.557,0.399,0.824,2.3,0.135
2011,NBA,2,45,NOH,Josh Harrellson,22.136,C,us,University of Kentucky,2012,2014,,75,11.8,3.5,3,0.3,0.4,0.5,0.438,0.497,0.347,0.629,2.1,0.116
2013,NBA,2,32,OKC,Alex Abrines,19.335,G-F,es,,2017,2017,,68,15.5,6,1.3,0.6,0.5,0.1,0.393,0.426,0.381,0.898,2.1,0.095
2013,NBA,2,36,SAC,Ray McCallum,22.021,G,us,University of Detroit Mercy,2014,2016,,154,18.2,6,2,2.4,0.5,0.2,0.408,0.43,0.335,0.711,2.1,0.035
2012,NBA,2,33,CLE,Bernard James,27.148,C,us,Florida State University,2013,2015,,92,8.3,2.2,2.3,0.1,0.2,0.7,0.497,0.507,0,0.68,1.9,0.117
2012,NBA,2,58,MIN,Robbie Hummel,23.118,F,us,Purdue University,2014,2015,,98,14.3,3.9,2.7,0.5,0.3,0.1,0.418,0.469,0.343,0.867,1.9,0.066
2014,NBA,1,3,PHI,Joel Embiid,20.107,C-F,cm,University of Kansas,2017,2017,,31,25.4,20.2,7.8,2.1,0.9,2.5,0.466,0.495,0.367,0.783,1.9,0.117
2015,NBA,1,24,CLE,Tyus Jones,19.05,G,us,Duke University,2016,2017,,97,13.9,3.8,1.2,2.7,0.8,0.1,0.389,0.422,0.333,0.744,1.9,0.066
2016,NBA,1,8,SAC,Marquesse Chriss,18.361,F,us,University of Washington,2017,2017,,82,21.3,9.2,4.2,0.7,0.8,0.9,0.449,0.52,0.321,0.624,1.8,0.05
2016,NBA,1,15,DEN,Juan Hernangomez,20.274,F,es,,2017,2017,,62,13.6,4.9,3,0.5,0.5,0.2,0.453,0.495,0.411,0.75,1.8,0.104
2016,NBA,1,20,IND,Caris LeVert,21.308,G-F,us,University of Michigan,2017,2017,,57,21.7,8.2,3.3,1.9,0.9,0.1,0.45,0.571,0.321,0.72,1.8,0.07
2010,NBA,2,44,MIL,Jerome Jordan,23.274,C,jm,University of Tulsa,2012,2015,,65,7.6,2.8,2,0.3,0.1,0.3,0.528,0.528,,0.852,1.7,0.168
2012,NBA,1,27,MIA,Arnett Moultrie,21.228,F,us,Mississippi State University,2013,2014,,59,12.4,3.6,3.1,0.2,0.4,0.2,0.547,0.547,,0.667,1.7,0.113
2012,NBA,1,28,OKC,Perry Jones,20.283,F,us,Baylor University,2013,2015,,143,11.7,3.4,1.8,0.4,0.3,0.2,0.42,0.466,0.293,0.66,1.7,0.048
2015,NBA,1,20,TOR,Delon Wright,23.065,G,us,University of Utah,2016,2017,,54,12.5,4.7,1.6,1.6,0.6,0.3,0.436,0.461,0.349,0.756,1.7,0.12
2016,NBA,2,38,MIL,Patrick McCaw,20.247,G,us,"University of Nevada, Las Vegas",2017,2017,,71,15.1,4,1.4,1.1,0.5,0.2,0.433,0.533,0.333,0.784,1.7,0.077
2015,NBA,2,44,PHO,Andrew Harrison,20.245,G,us,University of Kentucky,2017,2017,,72,20.5,5.9,1.9,2.8,0.8,0.3,0.325,0.363,0.276,0.763,1.6,0.051
2016,NBA,1,9,TOR,Jakob Poeltl,20.257,C,at,University of Utah,2017,2017,,54,11.6,3.1,3.1,0.2,0.3,0.4,0.583,0.583,,0.544,1.6,0.126
2016,NBA,1,27,TOR,Pascal Siakam,22.145,F,cm,New Mexico State University,2017,2017,,55,15.6,4.2,3.4,0.3,0.5,0.8,0.502,0.515,0.143,0.688,1.6,0.089
2015,NBA,1,30,GSW,Kevon Looney,19.144,F-C,us,"University of California, Los Angeles",2016,2017,,58,8.1,2.5,2.3,0.5,0.2,0.3,0.526,0.553,0.273,0.618,1.5,0.155
2016,NBA,1,3,BOS,Jaylen Brown,19.247,F,us,University of California,2017,2017,,78,17.2,6.6,2.8,0.8,0.4,0.2,0.454,0.507,0.341,0.685,1.5,0.053
2012,NBA,2,36,SAC,Orlando Johnson,23.115,G,us,"University of California, Santa Barbara",2013,2016,,103,10.8,3.2,1.7,0.7,0.2,0.1,0.358,0.398,0.311,0.727,1.4,0.059
2012,NBA,2,53,LAC,Furkan Aldemir,20.329,F-C,tr,,2015,2015,,41,13.2,2.3,4.3,0.7,0.4,0.4,0.513,0.548,0,0.481,1.4,0.122
2015,NBA,1,25,MEM,Jarell Martin,21.037,F,us,Louisiana State University,2016,2017,,69,13.6,4.6,3.6,0.3,0.4,0.2,0.419,0.429,0.333,0.759,1.4,0.073
2016,NBA,1,7,DEN,Jamal Murray,19.125,G,ca,University of Kentucky,2017,2017,,82,21.5,9.9,2.6,2.1,0.7,0.3,0.405,0.468,0.334,0.883,1.4,0.038
2011,NBA,2,36,NJN,Jordan Williams,20.26,F,us,University of Maryland,2012,2012,,43,14.8,4.6,3.6,0.3,0.5,0.3,0.507,0.507,,0.652,1.3,0.101
2012,NBA,2,31,CHA,Jeff Taylor,23.042,F,se,Vanderbilt University,2013,2015,,132,19.4,6.1,2,0.8,0.5,0.2,0.409,0.458,0.319,0.665,1.3,0.024
2014,NBA,1,21,OKC,Mitch McGary,22.025,F-C,us,University of Michigan,2015,2016,,52,10.7,4.4,3.5,0.3,0.3,0.3,0.527,0.544,0,0.58,1.3,0.108
2014,NBA,2,32,PHI,K.J. McDaniels,21.142,G-F,us,Clemson University,2015,2017,,148,14.1,5.3,2.2,0.6,0.5,0.6,0.412,0.479,0.29,0.776,1.3,0.03
2015,NBA,1,2,LAL,D'Angelo Russell,19.127,G,us,Ohio State University,2016,2017,,143,28.5,14.3,3.5,4,1.3,0.2,0.408,0.447,0.351,0.759,1.3,0.016
2016,NBA,1,6,NOP,Buddy Hield,22.194,G,bs,University of Oklahoma,2017,2017,,82,23,10.6,3.3,1.5,0.5,0.1,0.426,0.46,0.391,0.842,1.3,0.032
2016,NBA,1,10,MIL,Thon Maker,19.123,F-C,ss,,2017,2017,,57,9.9,4,2,0.4,0.2,0.5,0.459,0.514,0.378,0.653,1.3,0.113
2016,NBA,1,28,PHO,Skal Labissiere,20.102,F,ht,University of Kentucky,2017,2017,,33,18.5,8.8,4.9,0.8,0.5,0.4,0.537,0.543,0.375,0.703,1.3,0.098
2012,NBA,2,46,NOH,Darius Miller,22.105,F,us,University of Kentucky,2013,2015,,102,14.3,3.1,1.3,0.9,0.4,0.2,0.42,0.483,0.351,0.841,1.2,0.04
2014,NBA,1,24,CHH,Shabazz Napier,22.353,G,us,University of Connecticut,2015,2017,,159,13.4,4.3,1.4,1.8,0.6,0,0.373,0.393,0.354,0.767,1.2,0.027
2011,NBA,2,53,ORL,DeAndre Liggins,23.089,G,us,University of Kentucky,2012,2017,,119,9.9,2.1,1.5,0.6,0.6,0.1,0.414,0.445,0.348,0.558,1.1,0.044
2013,NBA,1,29,OKC,Archie Goodwin,18.319,G,us,University of Kentucky,2014,2017,,165,14.5,6.3,2,1.2,0.4,0.2,0.429,0.484,0.236,0.7,1.1,0.022
2014,NBA,1,5,UTA,Dante Exum,18.353,G,au,,2015,2017,,148,20.6,5.4,1.8,2.1,0.4,0.2,0.385,0.471,0.308,0.743,1.1,0.017
2014,NBA,2,44,MIN,Markel Brown,22.154,G,us,Oklahoma State University,2015,2016,,109,16.2,5.3,2.1,1.2,0.6,0.2,0.382,0.427,0.297,0.781,1.1,0.031
2015,NBA,1,16,BOS,Terry Rozier,21.105,G,us,University of Louisville,2016,2017,,113,13.9,4.3,2.6,1.5,0.5,0.1,0.348,0.376,0.306,0.776,1.1,0.034
2016,NBA,1,12,UTA,Taurean Prince,22.099,F,us,Baylor University,2017,2017,,59,16.6,5.7,2.7,0.9,0.7,0.5,0.399,0.44,0.324,0.787,1.1,0.052
2016,NBA,2,32,LAL,Ivica Zubac,19.102,C,ba,,2017,2017,,38,16,7.5,4.2,0.8,0.4,0.9,0.529,0.536,0,0.653,1.1,0.086
2010,NBA,1,29,ORL,Daniel Orton,19.327,C-F,us,University of Kentucky,2012,2014,,51,10.6,2.8,2.5,0.5,0.4,0.5,0.485,0.49,0,0.597,1,0.093
2012,NBA,1,13,PHO,Kendall Marshall,20.319,G,us,Univ. of North Carolina,2013,2016,,160,19.3,5,1.6,4.9,0.7,0.1,0.399,0.422,0.37,0.611,1,0.015
2013,NBA,2,38,WAS,Nate Wolters,22.049,G,us,South Dakota State University,2014,2015,,79,19.7,5.8,2.3,2.6,0.5,0.2,0.426,0.456,0.261,0.635,1,0.03
2014,NBA,1,12,ORL,Dario Saric,20.084,F,hr,,2017,2017,,81,26.3,12.8,6.3,2.2,0.7,0.4,0.411,0.469,0.311,0.782,1,0.023
2015,NBA,1,8,DET,Stanley Johnson,19.031,F,us,University of Arizona,2016,2017,,150,20.4,6.2,3.3,1.5,0.7,0.2,0.367,0.406,0.301,0.748,1,0.016
2015,NBA,1,14,OKC,Cameron Payne,20.326,G,us,Murray State University,2016,2017,,88,13.2,5,1.5,1.9,0.6,0.1,0.378,0.42,0.32,0.75,1,0.042
2010,NBA,2,52,BOS,Luke Harangody,22.179,F,us,University of Notre Dame,2011,2012,,70,12.4,3.6,2.8,0.5,0.3,0.3,0.376,0.44,0.241,0.737,0.9,0.048
2014,NBA,1,26,MIA,P.J. Hairston,21.189,G-F,us,Univ. of North Carolina,2015,2016,,111,18,6,2.4,0.5,0.5,0.2,0.343,0.414,0.295,0.81,0.9,0.021
2014,NBA,2,33,CLE,Joe Harris,22.298,G,us,University of Virginia,2015,2017,,108,15.2,5.3,1.8,0.8,0.3,0.1,0.418,0.486,0.379,0.688,0.9,0.027
2014,NBA,2,60,SAS,Cory Jefferson,23.188,F,us,Baylor University,2015,2016,,58,10,3.5,2.8,0.3,0.2,0.4,0.444,0.474,0.125,0.583,0.9,0.071
2010,NBA,1,12,MEM,Xavier Henry,19.106,G,be,University of Kansas,2011,2015,,185,15.7,5.7,1.9,0.6,0.5,0.1,0.406,0.419,0.325,0.635,0.8,0.013
2013,NBA,1,19,CLE,Sergey Karasev,19.249,G-F,ru,,2014,2016,,95,11.7,3,1.5,0.9,0.3,0,0.395,0.489,0.282,0.842,0.8,0.036
2016,NBA,1,24,PHI,Timothe Luwawu,21.051,F,fr,,2017,2017,,69,17.2,6.4,2.1,1.1,0.5,0.1,0.402,0.475,0.311,0.854,0.8,0.034
2010,NBA,1,22,POR,Elliot Williams,21.009,G,us,University of Memphis,2012,2016,,109,13.5,4.9,1.5,0.9,0.4,0.1,0.421,0.489,0.31,0.669,0.7,0.024
2010,NBA,2,41,MIA,Jarvis Varnado,22.12,F,us,Mississippi State University,2013,2014,,37,10.7,2.9,1.9,0.4,0.3,0.8,0.582,0.582,,0.518,0.7,0.089
2014,NBA,1,17,BOS,James Young,18.319,G-F,us,University of Kentucky,2015,2017,,89,8.4,2.3,1.1,0.3,0.3,0.1,0.367,0.536,0.276,0.548,0.7,0.047
2016,NBA,1,11,ORL,Domantas Sabonis,20.056,F,us,Gonzaga University,2017,2017,,81,20.1,5.9,3.6,1,0.5,0.4,0.399,0.438,0.321,0.657,0.7,0.022
2016,NBA,2,34,PHO,Tyler Ulis,20.175,G,us,University of Kentucky,2017,2017,,61,18.4,7.3,1.6,3.7,0.8,0.1,0.421,0.455,0.266,0.775,0.7,0.029
2009,NBA,1,24,DAL,Byron Mullens,20.136,C,us,Ohio State University,2010,2014,,189,18.2,7.4,4.2,0.8,0.4,0.5,0.408,0.438,0.319,0.706,0.6,0.008
2012,NBA,2,32,WAS,Tomas Satoransky,20.247,G,cz,,2017,2017,,57,12.6,2.7,1.5,1.6,0.5,0.1,0.418,0.477,0.243,0.697,0.6,0.04
2014,NBA,2,35,UTA,Jarnell Stokes,20.175,F-C,us,University of Tennessee,2015,2017,,28,5.4,2.4,1.4,0.3,0.3,0.2,0.581,0.581,,0.531,0.6,0.202
2016,NBA,1,14,CHI,Denzel Valentine,22.225,G,us,Michigan State University,2017,2017,,57,17.1,5.1,2.6,1.1,0.5,0.1,0.354,0.363,0.351,0.778,0.6,0.031
2010,NBA,2,32,MIA,Dexter Pittman,22.119,C,us,University of Texas at Austin,2011,2014,,50,6.9,2.3,1.8,0.2,0.2,0.2,0.45,0.45,,0.545,0.5,0.068
2010,NBA,2,43,LAL,Devin Ebanks,20.244,F,us,West Virginia University,2011,2013,,63,11.3,3.6,1.9,0.4,0.3,0.2,0.385,0.418,0.222,0.722,0.5,0.035
2011,NBA,2,44,GSW,Charles Jenkins,22.12,G,us,Hofstra University,2012,2013,,110,12.1,3.7,0.9,1.9,0.4,0.1,0.434,0.449,0.182,0.754,0.5,0.017
2011,NBA,2,52,DET,Vernon Macklin,24.282,F,us,University of Florida,2012,2012,,23,5.9,2,1.5,0.2,0.2,0.2,0.543,0.543,,0.571,0.5,0.161
2013,NBA,1,1,CLE,Anthony Bennett,20.11,F,ca,"University of Nevada, Las Vegas",2014,2017,,151,12.6,4.4,3.1,0.5,0.4,0.2,0.392,0.427,0.261,0.67,0.5,0.013
2014,NBA,1,18,PHO,Tyler Ennis,19.311,G,ca,Syracuse University,2015,2017,,132,12.5,4.2,1.2,1.9,0.5,0.1,0.419,0.45,0.342,0.773,0.5,0.014
2014,NBA,2,58,SAS,Jordan McRae,23.096,G,us,University of Tennessee,2016,2017,,59,9.8,4.4,1,0.7,0.2,0.1,0.404,0.413,0.384,0.774,0.5,0.043
2015,NBA,2,36,MIN,Rakeem Christmas,23.212,F,us,Syracuse University,2016,2017,,30,7.5,2.1,1.9,0.1,0.1,0.2,0.467,0.467,,0.741,0.5,0.104
2016,NBA,2,31,BOS,Deyonta Davis,19.208,F-C,us,Michigan State University,2017,2017,,36,6.6,1.6,1.7,0.1,0.1,0.5,0.511,0.511,,0.556,0.5,0.097
2016,NBA,2,33,LAC,Cheick Diallo,19.288,F,ml,University of Kansas,2017,2017,,17,11.7,5.1,4.3,0.2,0.2,0.4,0.474,0.474,,0.714,0.5,0.111
2016,NBA,2,48,CHI,Paul Zipser,22.131,G-F,de,,2017,2017,,44,19.2,5.5,2.8,0.8,0.3,0.4,0.398,0.451,0.333,0.775,0.5,0.03
2011,NBA,2,43,CHI,Malcolm Lee,21.037,G,us,"University of California, Los Angeles",2012,2015,,36,14.8,3.9,1.8,1.4,0.6,0.3,0.382,0.412,0.294,0.703,0.4,0.04
2014,NBA,1,22,MEM,Jordan Adams,19.358,G,us,"University of California, Los Angeles",2015,2016,,32,8.2,3.2,0.9,0.6,0.6,0.2,0.402,0.409,0.385,0.607,0.4,0.07
2015,NBA,1,29,BRK,Chris McCullough,20.145,F,us,Syracuse University,2016,2017,,40,11.1,3.7,2.2,0.3,0.8,0.4,0.426,0.46,0.341,0.5,0.4,0.049
2015,NBA,2,41,BRK,Pat Connaughton,22.175,G,us,University of Notre Dame,2016,2017,,73,6.3,1.8,1.2,0.5,0.1,0,0.413,0.418,0.407,0.857,0.4,0.039
2016,NBA,1,13,PHO,Georgios Papagiannis,18.36,C,gr,,2017,2017,,22,16.1,5.6,3.9,0.9,0.1,0.8,0.549,0.56,0,0.857,0.4,0.058
2010,NBA,1,25,MEM,Dominique Jones,21.257,G,us,University of South Florida,2011,2013,,80,9.3,3.1,1.4,1.8,0.4,0.1,0.366,0.393,0.095,0.729,0.3,0.017
2010,NBA,2,58,LAL,Derrick Caracter,22.056,F,us,University of Texas at El Paso,2011,2011,,41,5.2,2,1,0.2,0.1,0.2,0.485,0.485,,0.739,0.3,0.057
2011,NBA,2,39,CHA,Jeremy Tyler,20.007,C,us,,2012,2014,,104,9.9,3.6,2.6,0.2,0.2,0.4,0.45,0.451,0,0.557,0.3,0.014
2012,NBA,2,48,NYK,Kostas Papanikolaou,21.338,F,gr,,2015,2016,,69,15.8,3.6,2.3,1.5,0.6,0.3,0.354,0.416,0.297,0.688,0.3,0.015
2015,NBA,1,28,BOS,R.J. Hunter,21.249,G,us,Georgia State University,2016,2017,,39,8.3,2.5,1,0.3,0.4,0.1,0.364,0.486,0.297,0.857,0.3,0.041
2015,NBA,2,38,DET,Darrun Hilliard,22.078,G,us,Villanova University,2016,2017,,77,9.9,3.6,1,0.8,0.3,0,0.385,0.422,0.323,0.735,0.3,0.02
2016,NBA,1,21,ATL,DeAndre Bembry,21.36,F,us,Saint Joseph's University,2017,2017,,38,9.8,2.7,1.6,0.8,0.2,0.1,0.48,0.575,0.056,0.375,0.3,0.04
2009,NBA,1,22,POR,Victor Claver,20.304,F,es,,2013,2015,,80,13.4,3.2,2.2,0.7,0.4,0.2,0.398,0.489,0.293,0.585,0.2,0.011
2009,NBA,2,32,WAS,Jermaine Taylor,22.205,G,us,University of Central Florida,2010,2011,,65,12.1,5.4,1.7,0.7,0.4,0.1,0.441,0.484,0.284,0.73,0.2,0.014
2009,NBA,2,58,BOS,Lester Hudson,24.328,G,us,University of Tennessee at Martin,2010,2015,,57,10.4,4.7,1.4,1.2,0.6,0.1,0.375,0.441,0.277,0.806,0.2,0.016
2010,NBA,1,30,WAS,Lazar Hayward,23.216,F,us,Marquette University,2011,2013,,72,8.2,2.9,1.3,0.5,0.2,0.1,0.347,0.395,0.269,0.767,0.2,0.02
2010,NBA,2,54,LAC,Willie Warren,20.25,G,us,University of Oklahoma,2011,2011,,19,7.1,1.9,0.6,1.4,0.3,0,0.371,0.4,0.333,0.75,0.2,0.065
2011,NBA,1,27,NJN,JaJuan Johnson,22.14,F-C,us,Purdue University,2012,2012,,36,8.3,3.2,1.6,0.2,0.1,0.4,0.446,0.446,,0.667,0.2,0.032
2012,NBA,1,24,CLE,Jared Cunningham,21.043,G,us,Oregon State University,2013,2016,,84,7.2,2.3,0.7,0.5,0.3,0,0.347,0.369,0.306,0.674,0.2,0.017
2012,NBA,2,44,DET,Kim English,23.283,G,us,University of Missouri,2013,2013,,41,9.9,2.9,0.9,0.6,0.4,0.1,0.375,0.452,0.28,0.724,0.2,0.021
2012,NBA,2,52,GSW,Ognjen Kuzmic,22.049,C,ba,,2014,2015,,37,4.4,0.9,1,0.2,0.1,0.1,0.52,0.52,,0.6,0.2,0.061
2013,NBA,2,37,DET,Tony Mitchell,21.086,F,us,University of North Texas,2014,2014,,21,3.8,1,1.2,0.1,0.3,0.1,0.417,0.364,1,0.579,0.2,0.151
2014,NBA,1,29,OKC,Josh Huestis,22.195,F,us,Stanford University,2016,2017,,7,12.3,4,2.7,0.4,0.1,0.9,0.478,0.385,0.6,0,0.2,0.106
2014,NBA,2,43,ATL,Walter Tavares,22.101,C,cv,,2016,2017,,13,7.8,2.5,2.5,0.3,0.1,0.9,0.625,0.625,,0.273,0.2,0.118
2015,NBA,1,5,ORL,Mario Hezonja,20.125,F-G,hr,,2016,2017,,144,16.5,5.5,2.2,1.2,0.5,0.2,0.399,0.457,0.327,0.856,0.2,0.004
2015,NBA,2,33,BOS,Jordan Mickey,20.356,F,us,Louisiana State University,2016,2017,,41,4.8,1.4,1.1,0.2,0.1,0.4,0.411,0.418,0,0.542,0.2,0.045
2016,NBA,1,19,DEN,Malik Beasley,19.214,G,us,Florida State University,2017,2017,,22,7.5,3.8,0.8,0.5,0.3,0,0.452,0.533,0.321,0.8,0.2,0.057
2016,NBA,2,52,UTA,Joel Bolomboy,22.152,F,ua,Weber State University,2017,2017,,12,4.4,1.8,1.4,0.2,0.1,0.2,0.563,0.667,0.25,0.5,0.2,0.171
2010,NBA,2,57,IND,Ryan Reid,23.243,F,us,Florida State University,2012,2012,,5,3.4,1.6,0.4,0,0,0,0.8,0.8,,,0.1,0.142
2011,NBA,2,47,LAC,Travis Leslie,21.091,G,us,University of Georgia,2012,2012,,10,4.5,1.4,0.9,0.5,0.2,0.2,0.357,0.357,,0.444,0.1,0.06
2012,NBA,2,42,MIL,Doron Lamb,20.24,G,us,University of Kentucky,2013,2014,,100,12.7,3.5,1,0.8,0.2,0,0.381,0.372,0.394,0.7,0.1,0.005
2013,NBA,2,46,UTA,Erick Green,22.055,G,us,Virginia Tech,2015,2016,,52,8.7,3.1,0.7,0.8,0.3,0,0.377,0.415,0.288,0.857,0.1,0.011
2014,NBA,1,28,LAC,C.J. Wilcox,23.184,G,us,University of Washington,2015,2017,,66,5.7,2,0.5,0.5,0.2,0.1,0.37,0.397,0.333,0.813,0.1,0.007
2014,NBA,2,48,MIL,Lamar Patterson,22.324,G-F,us,University of Pittsburgh,2016,2017,,40,10.9,2.3,1.4,1.1,0.3,0.1,0.326,0.45,0.236,0.72,0.1,0.006
2014,NBA,2,55,MIA,Semaj Christon,21.242,G,us,Xavier University,2017,2017,,64,15.2,2.9,1.4,2,0.4,0.1,0.345,0.406,0.19,0.548,0.1,0.006
2016,NBA,1,5,MIN,Kris Dunn,22.103,G,us,Providence College,2017,2017,,78,17.1,3.8,2.1,2.4,1,0.5,0.377,0.404,0.288,0.61,0.1,0.004
2016,NBA,1,22,CHO,Malachi Richardson,20.175,G,us,Syracuse University,2017,2017,,22,9,3.6,1,0.5,0.2,0,0.412,0.5,0.286,0.789,0.1,0.028
2016,NBA,2,37,HOU,Chinanu Onuaku,19.239,F-C,us,University of Louisville,2017,2017,,5,10.4,2.8,2,0.6,0.6,0.2,0.714,0.714,,1,0.1,0.123
2016,NBA,2,45,BOS,Demetrius Jackson,21.295,G,us,University of Notre Dame,2017,2017,,5,3.4,2,0.8,0.6,0,0,0.75,0.667,1,0.5,0.1,0.386
2009,NBA,2,48,PHO,Taylor Griffin,23.074,F,us,University of Oklahoma,2010,2010,,8,4,1.3,0.3,0.1,0,0.3,0.4,0.5,0,0.5,0,-0.039
2010,NBA,1,24,ATL,Damion James,22.266,G-F,us,University of Texas at Austin,2011,2014,,39,16,3.8,3.4,0.7,0.6,0.5,0.415,0.433,0,0.667,0,-0.001
2010,NBA,2,46,PHO,Gani Lawal,21.234,F,us,Georgia Institute of Technology,2011,2011,,1,2,0,0,0,0,0,,,,,0,-0.009
2010,NBA,2,50,DAL,Solomon Alabi,22.1,C,ng,Florida State University,2011,2012,,26,7,1.5,2.3,0.2,0.2,0.4,0.314,0.314,,0.7,0,0.01
2010,NBA,2,53,ATL,Pape Sy,22.085,F,fr,,2011,2011,,3,7,2.3,1,0.7,0.3,0,0.333,0.4,0,1,0,-0.047
2010,NBA,2,56,MIN,Hamady N'Diaye,23.169,C,sn,Rutgers University,2011,2014,,33,4.8,0.6,0.8,0.1,0.1,0.3,0.467,0.467,,0.462,0,0.013
2011,NBA,2,37,LAC,Trey Thompkins,21.039,F,us,University of Georgia,2012,2012,,24,5,2.4,1,0.1,0.1,0.1,0.393,0.417,0.308,0.714,0,0.004
2011,NBA,2,46,LAL,Andrew Goudelock,22.203,G,us,College of Charleston,2012,2016,,49,9.7,4,0.7,0.5,0.2,0,0.393,0.429,0.345,0.875,0,0.003
2011,NBA,2,48,ATL,Keith Benson,22.319,C,us,Oakland University,2012,2012,,3,3,0,1,0,0,0,0,0,,,0,-0.005
2012,NBA,1,16,HOU,Royce White,21.085,F,us,Iowa State University,2014,2014,,3,3,0,0,0,0,0,0,0,,,0,-0.121
2012,NBA,1,22,BOS,Fab Melo,22.014,C,br,Syracuse University,2013,2013,,6,6,1.2,0.5,0,0.3,0.3,0.5,0.5,,0.25,0,0.021
2013,NBA,2,33,CLE,Carrick Felix,22.32,G,us,Arizona State University,2014,2014,,7,5.4,2.7,0.9,0.6,0,0,0.5,0.556,0.4,0.75,0,0.057
2013,NBA,2,41,MEM,Jamaal Franklin,21.347,G,us,San Diego State University,2014,2015,,24,7.3,1.8,1,0.4,0.2,0.1,0.415,0.393,0.462,1,0,-0.006
2013,NBA,2,42,PHI,Pierre Jackson,21.308,G,us,Baylor University,2017,2017,,8,10.5,4.4,1.1,2.4,0.3,0,0.333,0.357,0.273,0.857,0,0.021
2014,NBA,2,51,NYK,Thanasis Antetokounmpo,21.349,F,gr,,2016,2016,,2,3,3,0.5,0,0,0,0.75,1,0,,0,0.291
2015,NBA,2,56,NOP,Branden Dawson,22.149,F,us,Michigan State University,2016,2016,,6,4.8,0.8,0.7,0,0,0.2,0.4,0.4,,1,0,0.069
2016,NBA,1,25,LAC,Brice Johnson,22.002,F,us,Univ. of North Carolina,2017,2017,,3,3,1.3,1,0.3,0.7,0.3,0.286,0.286,,,0,-0.164
2016,NBA,1,29,SAS,Dejounte Murray,19.282,G,us,University of Washington,2017,2017,,38,8.5,3.4,1.1,1.3,0.2,0.2,0.431,0.441,0.391,0.7,0,0.004
2016,NBA,1,30,GSW,Damian Jones,20.364,F-C,us,Vanderbilt University,2017,2017,,10,8.5,1.9,2.3,0,0.1,0.4,0.5,0.5,,0.3,0,0.018
2016,NBA,2,41,ORL,Stephen Zimmerman,19.292,C,us,"University of Nevada, Las Vegas",2017,2017,,19,5.7,1.2,1.8,0.2,0.1,0.3,0.323,0.323,,0.6,0,-0.005
2016,NBA,2,46,DAL,A.J. Hammons,23.306,C,us,Purdue University,2017,2017,,22,7.4,2.2,1.6,0.2,0,0.6,0.405,0.375,0.5,0.45,0,-0.001
2016,NBA,2,54,ATL,Kay Felder,21.092,G,us,Oakland University,2017,2017,,42,9.2,4,1,1.4,0.4,0.2,0.392,0.404,0.318,0.714,0,0.004
2009,NBA,2,35,DET,DaJuan Summers,21.158,F,us,Georgetown University,2010,2013,,83,9.9,3.3,1,0.3,0.2,0.1,0.384,0.392,0.367,0.642,-0.1,-0.008
2010,NBA,2,31,NJN,Tibor Pleiss,20.239,C,de,,2016,2016,,12,6.8,2,1.3,0.2,0.1,0.2,0.44,0.478,0,1,-0.1,-0.041
2010,NBA,2,34,POR,Armon Johnson,21.126,G,us,"University of Nevada, Reno",2011,2012,,47,8.5,3.3,1,1.2,0.2,0,0.458,0.465,0.4,0.679,-0.1,-0.015
2011,NBA,2,35,SAC,Tyler Honeycutt,20.348,F,us,"University of California, Los Angeles",2012,2013,,24,5,1.2,1,0.4,0.2,0.2,0.314,0.333,0.2,0.714,-0.1,-0.049
2012,NBA,2,38,DEN,Quincy Miller,19.227,F,us,Baylor University,2013,2015,,69,13.5,4.3,2.4,0.5,0.4,0.5,0.35,0.383,0.292,0.706,-0.1,-0.003
2012,NBA,2,51,BOS,Kris Joseph,23.199,F,ca,Syracuse University,2013,2013,,10,5.4,0.9,0.7,0.1,0.3,0,0.143,0.182,0,0.625,-0.1,-0.127
2013,NBA,2,40,POR,Grant Jerrett,19.359,F,us,University of Arizona,2015,2015,,8,6.4,2,1.1,0.4,0.3,0.3,0.269,0.545,0.067,1,-0.1,-0.128
2013,NBA,2,49,CHI,Erik Murphy,22.25,F,fr,University of Florida,2014,2014,,24,2.6,0.3,0.3,0.1,0,0.2,0.231,0.3,0,,-0.1,-0.055
2014,NBA,2,31,MIL,Damien Inglis,19.042,F,gf,,2016,2016,,20,7.8,1.8,1.6,0.5,0.3,0.2,0.351,0.417,0.231,0.875,-0.1,-0.024
2014,NBA,2,36,MIL,Johnny O'Bryant III,21.03,F-C,us,Louisiana State University,2015,2017,,111,11.8,3,2.3,0.5,0.2,0.1,0.404,0.401,0.571,0.603,-0.1,-0.003
2014,NBA,2,42,HOU,Nick Johnson,21.191,G,us,University of Arizona,2015,2015,,28,9.4,2.6,1.4,0.4,0.3,0.1,0.347,0.389,0.238,0.68,-0.1,-0.02
2014,NBA,2,49,CHI,Cameron Bairstow,23.207,F-C,au,University of New Mexico,2015,2016,,36,4.6,1.2,1,0.2,0.1,0.1,0.296,0.306,0.2,0.846,-0.1,-0.021
2015,NBA,2,43,IND,Joseph Young,23.003,G,us,University of Oregon,2016,2017,,74,7,3,0.9,1.1,0.3,0,0.365,0.424,0.217,0.775,-0.1,-0.012
2016,NBA,2,40,NOP,Diamond Stone,19.138,C,us,University of Maryland,2017,2017,,7,3.4,1.4,0.9,0,0,0.1,0.231,0.231,,1,-0.1,-0.211
2016,NBA,2,49,DET,Michael Gbinije,24.024,G,us,Syracuse University,2017,2017,,9,3.6,0.4,0.3,0.2,0,0,0.1,0.167,0,1,-0.1,-0.136
2016,NBA,2,51,BOS,Ben Bentil,21.092,F,gh,Providence College,2017,2017,,3,3.3,0,0.7,0,0,0,0,0,0,,-0.1,-0.473
2009,NBA,1,11,NJN,Terrence Williams,22.003,F,us,University of Louisville,2010,2013,,153,19.1,7.1,3.6,2.4,0.5,0.1,0.412,0.432,0.317,0.659,-0.2,-0.004
2010,NBA,1,21,OKC,Craig Brackins,22.264,F,us,Iowa State University,2011,2012,,17,7.1,1.8,1.1,0.5,0.1,0.1,0.265,0.286,0.214,0.5,-0.2,-0.089
2010,NBA,2,37,MIL,Darington Hobson,22.274,G,us,University of New Mexico,2012,2012,,5,7.8,0.8,0.6,1.2,0,0,0.154,0.286,0,,-0.2,-0.225
2010,NBA,2,38,NYK,Andy Rautins,23.24,G,us,Syracuse University,2011,2011,,5,4.8,1.6,0.2,0.6,0.2,0,0.429,0.667,0.25,0.5,-0.2,-0.314
2012,NBA,2,54,PHI,Tornike Shengelia,20.272,F,ge,,2013,2014,,45,5.5,1.3,0.9,0.4,0.1,0,0.451,0.512,0.125,0.5,-0.2,-0.032
2013,NBA,2,35,PHI,Glen Rice,22.183,G,us,Georgia Institute of Technology,2014,2015,,16,9.5,2.7,1.5,0.6,0.4,0.1,0.269,0.286,0.25,0.692,-0.2,-0.065
2013,NBA,2,52,MIN,Lorenzo Brown,22.311,G,us,North Carolina State University,2014,2016,,63,13.2,3.3,1.7,2.3,0.7,0.2,0.369,0.455,0.152,0.667,-0.2,-0.013
2013,NBA,2,56,DET,Peyton Siva,22.252,G,us,University of Louisville,2014,2014,,24,9.3,2.3,0.6,1.4,0.4,0,0.316,0.344,0.28,0.733,-0.2,-0.032
2014,NBA,2,47,PHI,Russ Smith,23.074,G,us,University of Louisville,2015,2016,,27,4.9,2,0.6,0.7,0.3,0,0.319,0.387,0.188,0.769,-0.2,-0.068
2016,NBA,1,18,DET,Henry Ellenson,19.166,F,us,Marquette University,2017,2017,,19,7.7,3.2,2.2,0.4,0.1,0.1,0.359,0.433,0.294,0.5,-0.2,-0.071
2011,NBA,2,32,CLE,Justin Harper,21.302,F,us,University of Richmond,2012,2017,,22,6.8,2,0.8,0.2,0.1,0.1,0.34,0.417,0.276,0.333,-0.3,-0.093
2011,NBA,2,41,LAL,Darius Morris,20.176,G,us,University of Michigan,2012,2015,,132,11.1,3.3,1,1.4,0.3,0,0.384,0.416,0.322,0.63,-0.3,-0.01
2012,NBA,2,47,UTA,Kevin Murphy,22.12,G,us,Tennessee Technological University,2013,2013,,17,3.1,0.9,0.2,0.1,0.1,0,0.25,0.261,0.2,,-0.3,-0.272
2012,NBA,2,55,DAL,Darius Johnson-Odom,22.279,G,us,Marquette University,2013,2014,,7,3,0,0.9,0.3,0.1,0,0,0,0,0,-0.3,-0.597
2014,NBA,1,20,TOR,Bruno Caboclo,18.283,F,br,,2015,2017,,23,4.6,1.2,0.6,0.2,0.2,0.1,0.275,0.25,0.313,,-0.3,-0.143
2014,NBA,2,56,DEN,Roy Devyn Marble,21.283,G-F,us,University of Iowa,2015,2016,,44,10.4,2.2,1.6,0.7,0.5,0.1,0.304,0.377,0.222,0.375,-0.3,-0.028
2015,NBA,2,34,LAL,Anthony Brown,22.263,F-G,us,Stanford University,2016,2017,,40,19,4,2.6,0.7,0.5,0.2,0.324,0.38,0.278,0.85,-0.3,-0.019
2016,NBA,1,2,LAL,Brandon Ingram,18.299,F,us,Duke University,2017,2017,,79,28.8,9.4,4,2.1,0.6,0.4,0.402,0.443,0.294,0.621,-0.3,-0.007
2016,NBA,1,4,PHO,Dragan Bender,18.223,F,ba,,2017,2017,,43,13.3,3.4,2.4,0.5,0.2,0.5,0.354,0.483,0.277,0.364,-0.3,-0.029
2016,NBA,1,17,MEM,Wade Baldwin,20.091,G,us,Vanderbilt University,2017,2017,,33,12.3,3.2,1.4,1.8,0.6,0.2,0.316,0.359,0.136,0.838,-0.3,-0.041
2016,NBA,2,47,ORL,Jake Layman,22.114,F,us,University of Maryland,2017,2017,,35,7.1,2.2,0.7,0.3,0.2,0.1,0.292,0.342,0.255,0.765,-0.3,-0.056
2016,NBA,2,50,IND,Georges Niang,23.012,F,us,Iowa State University,2017,2017,,23,4,0.9,0.7,0.2,0.1,0,0.25,0.333,0.083,1,-0.3,-0.168
2009,NBA,1,30,CLE,Christian Eyenga,20.008,F,cd,,2011,2012,,51,20.6,6.3,2.7,0.8,0.7,0.6,0.411,0.464,0.277,0.611,-0.4,-0.02
2013,NBA,1,30,PHO,Nemanja Nedovic,22.017,G,rs,,2014,2014,,24,5.9,1.1,0.6,0.5,0,0,0.205,0.238,0.167,0.875,-0.4,-0.132
2013,NBA,2,43,MIL,Ricky Ledo,20.295,G,us,Providence College,2014,2015,,28,9.9,3.9,1.4,0.8,0.3,0,0.336,0.321,0.371,0.769,-0.6,-0.096
2014,NBA,2,34,NYK,Cleanthony Early,23.076,F,us,Wichita State University,2015,2016,,56,14.3,4.3,2.2,0.8,0.5,0.3,0.346,0.4,0.263,0.75,-0.6,-0.039
2011,NBA,2,49,MEM,Josh Selby,20.093,G,us,University of Kansas,2012,2013,,38,7.8,2.2,0.5,0.9,0.2,0,0.33,0.384,0.143,0.72,-0.7,-0.113
2014,NBA,1,15,ATL,Adreian Payne,23.133,F-C,us,Michigan State University,2015,2017,,102,13.3,4,3,0.6,0.4,0.3,0.399,0.424,0.232,0.67,-0.7,-0.026
2011,NBA,1,21,POR,Nolan Smith,22.338,G,us,Duke University,2012,2013,,84,9.9,3.3,1,1.2,0.3,0,0.371,0.407,0.26,0.714,-0.8,-0.047
2012,NBA,1,29,CHI,Marquis Teague,19.125,G,us,University of Kentucky,2013,2014,,88,9.5,2.3,1,1.4,0.2,0.1,0.349,0.377,0.22,0.686,-0.8,-0.046
2015,NBA,1,17,MIL,Rashad Vaughn,18.317,G,us,"University of Nevada, Las Vegas",2016,2017,,111,13.1,3.2,1.2,0.6,0.4,0.2,0.327,0.356,0.303,0.7,-0.8,-0.026
2016,NBA,2,42,UTA,Isaiah Whitehead,21.113,G,us,Seton Hall University,2017,2017,,73,22.5,7.4,2.5,2.6,0.6,0.5,0.402,0.446,0.295,0.805,-0.8,-0.024
2012,NBA,2,41,POR,Tyshawn Taylor,22.083,G,us,University of Kansas,2013,2014,,61,8,2.9,0.5,0.9,0.4,0,0.354,0.353,0.36,0.684,-0.9,-0.088
2009,NBA,1,6,MIN,Jonny Flynn,20.144,G,us,Syracuse University,2010,2012,,163,22.9,9.2,1.9,3.9,0.7,0,0.4,0.42,0.338,0.809,-1.1,-0.015
2012,NBA,1,25,MEM,Tony Wroten,19.081,G,us,University of Washington,2013,2016,,145,21.2,11.1,2.5,3,0.9,0.2,0.413,0.477,0.231,0.647,-1.3,-0.021
2015,NBA,1,7,DEN,Emmanuel Mudiay,19.116,G,cd,,2016,2017,,123,28.2,12,3.3,4.8,0.9,0.4,0.369,0.389,0.318,0.721,-1.9,-0.027
2009,NBA,2,34,DEN,Sergio Llull,21.228,G,es,,,,,,,,,,,,,,,,,
2009,NBA,2,47,MIN,Henk Norel,21.287,F-C,nl,,,,,,,,,,,,,,,,,
2009,NBA,2,49,ATL,Sergiy Gladyr,19.256,G,ua,,,,,,,,,,,,,,,,,
2009,NBA,2,50,UTA,Goran Suton,,,,Michigan State University,,,,,,,,,,,,,,,,
2009,NBA,2,51,SAS,Jack McClinton,,,,University of Miami,,,,,,,,,,,,,,,,
2009,NBA,2,54,CHA,Robert Vaden,,,,University of Alabama at Birmingham,,,,,,,,,,,,,,,,
2009,NBA,2,56,DAL,Ahmad Nivins,,,,Saint Joseph's University,,,,,,,,,,,,,,,,
2009,NBA,2,57,PHO,Emir Preldzic,21.298,F-G,ba,,,,,,,,,,,,,,,,,
2009,NBA,2,59,LAL,Chinemelu Elonu,22.112,C-F,ng,Texas A&amp;M University,,,,,,,,,,,,,,,,
2009,NBA,2,60,MIA,Robert Dozier,,,,University of Memphis,,,,,,,,,,,,,,,,
2010,NBA,2,36,DET,Terrico White,,,,University of Mississippi,,,,,,,,,,,,,,,,
2010,NBA,2,42,MIA,Da'Sean Butler,,,,West Virginia University,,,,,,,,,,,,,,,,
2010,NBA,2,45,MIN,Paulao Prestes,22.135,C,br,,,,,,,,,,,,,,,,,
2010,NBA,2,47,MIL,Tiny Gallon,,,,University of Oklahoma,,,,,,,,,,,,,,,,
2010,NBA,2,48,MIA,Latavious Williams,21.092,F,us,,,,,,,,,,,,,,,,,
2010,NBA,2,49,SAS,Ryan Richards,19.066,F-C,gb,,,,,,,,,,,,,,,,,
2010,NBA,2,51,OKC,Magnum Rolle,,,,Louisiana Tech University,,,,,,,,,,,,,,,,
2010,NBA,2,59,ORL,Stanley Robinson,,,,University of Connecticut,,,,,,,,,,,,,,,,
2010,NBA,2,60,PHO,Dwayne Collins,22.077,F,us,University of Miami,,,,,,,,,,,,,,,,
2011,NBA,2,51,POR,Jon Diebler,23.006,G,us,Ohio State University,,,,,,,,,,,,,,,,
2011,NBA,2,54,CLE,Milan Macvan,21.224,F-C,hr,,,,,,,,,,,,,,,,,
2011,NBA,2,56,LAL,Chukwudiebere Maduabum,20.101,F,ng,,,,,,,,,,,,,,,,,
2011,NBA,2,57,DAL,Targuy Ngombo,,,,,,,,,,,,,,,,,,,,
2011,NBA,2,58,LAL,Ater Majok,23.36,F-C,sd,,,,,,,,,,,,,,,,,
2011,NBA,2,59,SAS,Adam Hanga,22.077,G,hu,,,,,,,,,,,,,,,,,
2012,NBA,2,50,DEN,Izzet Turkyilmaz,22.045,C-F,tr,,,,,,,,,,,,,,,,,
2012,NBA,2,56,TOR,Tomislav Zubcic,22.178,F,hr,,,,,,,,,,,,,,,,,
2012,NBA,2,57,NJN,Ilkan Karaman,22.052,F,tr,,,,,,,,,,,,,,,,,
2012,NBA,2,59,SAS,Marcus Denmon,22.106,G,us,University of Missouri,,,,,,,,,,,,,,,,
2013,NBA,1,28,SAS,Livio Jean-Charles,19.236,F,gf,,,,,,,,,,,,,,,,,
2013,NBA,2,45,POR,Marko Todorovic,21.074,F,me,,,,,,,,,,,,,,,,,
2013,NBA,2,51,ORL,Romero Osby,,,,University of Oklahoma,,,,,,,,,,,,,,,,
2013,NBA,2,53,IND,Colton Iverson,24.004,C,us,Colorado State University,,,,,,,,,,,,,,,,
2013,NBA,2,54,WAS,Arsalan Kazemi,23.072,F,ir,University of Oregon,,,,,,,,,,,,,,,,
2013,NBA,2,57,PHO,Alex Oriakhi,23.012,F,us,University of Missouri,,,,,,,,,,,,,,,,
2013,NBA,2,58,SAS,Deshaun Thomas,21.308,F,us,Ohio State University,,,,,,,,,,,,,,,,
2013,NBA,2,59,MIN,Bojan Dubljevic,21.252,F-C,me,,,,,,,,,,,,,,,,,
2013,NBA,2,60,MEM,Janis Timma,21,F,lv,,,,,,,,,,,,,,,,,
2014,NBA,1,27,PHO,Bogdan Bogdanovic,21.317,G,rs,,,,,,,,,,,,,,,,,
2014,NBA,2,37,TOR,DeAndre Daniels,22.077,F,us,University of Connecticut,,,,,,,,,,,,,,,,
2014,NBA,2,50,PHO,Alec Brown,21.343,F-C,us,University of Wisconsin-Green Bay,,,,,,,,,,,,,,,,
2014,NBA,2,52,PHI,Vasilije Micic,20.169,G,rs,,,,,,,,,,,,,,,,,
2014,NBA,2,53,MIN,Alessandro Gentile,21.231,F,it,,,,,,,,,,,,,,,,,
2014,NBA,2,54,PHI,Nemanja Dangubic,21.079,G,rs,,,,,,,,,,,,,,,,,
2014,NBA,2,57,IND,Louis Labeyrie,22.141,F,fr,,,,,,,,,,,,,,,,,
2014,NBA,2,59,TOR,Xavier Thames,23.164,G,us,San Diego State University,,,,,,,,,,,,,,,,
2015,NBA,1,26,SAS,Nikola Milutinov,20.182,C,rs,,,,,,,,,,,,,,,,,
2015,NBA,2,31,MIN,Cedi Osman,20.083,F,mk,,,,,,,,,,,,,,,,,
2015,NBA,2,39,CHO,Juan Pablo Vaulet,19.099,F,ar,,,,,,,,,,,,,,,,,
2015,NBA,2,42,UTA,Olivier Hanlan,22.135,G,ca,Boston College,,,,,,,,,,,,,,,,
2015,NBA,2,45,BOS,Marcus Thornton,22.141,G,us,College of William &amp; Mary,,,,,,,,,,,,,,,,
2015,NBA,2,47,PHI,Arturas Gudaitis,22.011,C,lt,,,,,,,,,,,,,,,,,
2015,NBA,2,48,OKC,Dakari Johnson,19.281,C,us,University of Kentucky,,,,,,,,,,,,,,,,
2015,NBA,2,49,WAS,Aaron White,22.293,F,us,University of Iowa,,,,,,,,,,,,,,,,
2015,NBA,2,50,ATL,Marcus Eriksson,21.207,G,se,,,,,,,,,,,,,,,,,
2015,NBA,2,51,ORL,Tyler Harvey,21.348,G,us,Eastern Washington University,,,,,,,,,,,,,,,,
2015,NBA,2,52,DAL,Satnam Singh,19.202,C,in,,,,,,,,,,,,,,,,,
2015,NBA,2,53,CLE,Sir'Dominic Pointer,23.055,G-F,us,St. John's University,,,,,,,,,,,,,,,,
2015,NBA,2,54,UTA,Dani Diez,22.084,F,es,,,,,,,,,,,,,,,,,
2015,NBA,2,55,SAS,Cady Lalanne,23.069,C,ht,University of Massachusetts Amherst,,,,,,,,,,,,,,,,
2015,NBA,2,57,DEN,Nikola Radicevic,21.066,G,rs,,,,,,,,,,,,,,,,,
2015,NBA,2,58,PHI,J.P. Tokoto,21.288,G-F,us,Univ. of North Carolina,,,,,,,,,,,,,,,,
2015,NBA,2,59,ATL,Dimitrios Agravanis,20.192,F-C,gr,,,,,,,,,,,,,,,,,
2015,NBA,2,60,PHI,Luka Mitrovic,22.101,F,rs,,,,,,,,,,,,,,,,,
2016,NBA,1,1,PHI,Ben Simmons,19.343,F,au,Louisiana State University,,,,,,,,,,,,,,,,
2016,NBA,1,16,BOS,Guerschon Yabusele,20.194,F,fr,,,,,,,,,,,,,,,,,
2016,NBA,1,23,BOS,Ante Zizic,19.175,F-C,hr,,,,,,,,,,,,,,,,,
2016,NBA,1,26,PHI,Furkan Korkmaz,19.155,G,tr,,,,,,,,,,,,,,,,,
2016,NBA,2,35,BOS,Rade Zagorac,20.321,G-F,rs,,,,,,,,,,,,,,,,,
2016,NBA,2,39,NOP,David Michineau,22.023,G,gp,,,,,,,,,,,,,,,,,
2016,NBA,2,43,HOU,Zhou Qi,20.164,F-C,cn,,,,,,,,,,,,,,,,,
2016,NBA,2,44,ATL,Isaia Cordinier,19.212,G,fr,,,,,,,,,,,,,,,,,
2016,NBA,2,53,DEN,Petr Cornelie,20.338,F,fr,,,,,,,,,,,,,,,,,
2016,NBA,2,55,BRK,Marcus Paige,22.291,G,us,Univ. of North Carolina,,,,,,,,,,,,,,,,
2016,NBA,2,56,DEN,Daniel Hamilton,20.325,G-F,us,University of Connecticut,,,,,,,,,,,,,,,,
2016,NBA,2,57,MEM,Wang Zhelin,22.16,C,cn,,,,,,,,,,,,,,,,,
2016,NBA,2,58,BOS,Abdel Nader,22.277,F,eg,Iowa State University,,,,,,,,,,,,,,,,
2016,NBA,2,59,SAC,Isaiah Cousins,22.108,G,us,University of Oklahoma,,,,,,,,,,,,,,,,
2016,NBA,2,60,UTA,Tyrone Wallace,22.019,G,us,University of California,,,,,,,,,,,,,,,,
